Date,Description,Amount,Transaction Type,Category,Account Name,Month
2018-01-01 00:00:00,Amazon,11.11,debit,Shopping,Platinum Card,2018-01
2018-01-02 00:00:00,Mortgage Payment,1247.44,debit,Mortgage & Rent,Checking,2018-01
2018-01-02 00:00:00,Thai Restaurant,24.22,debit,Restaurants,Silver Card,2018-01
2018-01-03 00:00:00,Credit Card Payment,2298.09,credit,Credit Card Payment,Platinum Card,2018-01
2018-01-04 00:00:00,Netflix,11.76,debit,Movies & Dvds,Platinum Card,2018-01
2018-01-05 00:00:00,American Tavern,25.85,debit,Restaurants,Silver Card,2018-01
2018-01-06 00:00:00,Hardware Store,18.45,debit,Home Improvement,Silver Card,2018-01
2018-01-08 00:00:00,Gas Company,45,debit,Utilities,Checking,2018-01
2018-01-08 00:00:00,Hardware Store,15.38,debit,Home Improvement,Silver Card,2018-01
2018-01-09 00:00:00,Spotify,10.69,debit,Music,Platinum Card,2018-01
2018-01-10 00:00:00,Phone Company,89.46,debit,Mobile Phone,Checking,2018-01
2018-01-11 00:00:00,Shell,34.87,debit,Gas & Fuel,Platinum Card,2018-01
2018-01-11 00:00:00,Grocery Store,43.54,debit,Groceries,Platinum Card,2018-01
2018-01-12 00:00:00,Biweekly Paycheck,2000,credit,Paycheck,Checking,2018-01
2018-01-13 00:00:00,Pizza Place,32.91,debit,Fast Food,Platinum Card,2018-01
2018-01-13 00:00:00,Amazon,39.05,debit,Shopping,Platinum Card,2018-01
2018-01-15 00:00:00,Grocery Store,44.19,debit,Groceries,Silver Card,2018-01
2018-01-15 00:00:00,American Tavern,64.11,debit,Restaurants,Silver Card,2018-01
2018-01-16 00:00:00,City Water Charges,35,debit,Utilities,Checking,2018-01
2018-01-16 00:00:00,Power Company,60,debit,Utilities,Checking,2018-01
2018-01-19 00:00:00,Biweekly Paycheck,2000,credit,Paycheck,Checking,2018-01
2018-01-20 00:00:00,Amazon,50.21,debit,Shopping,Platinum Card,2018-01
2018-01-22 00:00:00,Credit Card Payment,554.99,credit,Credit Card Payment,Platinum Card,2018-01
2018-01-22 00:00:00,Credit Card Payment,309.81,credit,Credit Card Payment,Silver Card,2018-01
2018-01-22 00:00:00,Credit Card Payment,554.99,debit,Credit Card Payment,Checking,2018-01
2018-01-22 00:00:00,Hardware Store,17.38,debit,Home Improvement,Silver Card,2018-01
2018-01-23 00:00:00,Credit Card Payment,309.81,debit,Credit Card Payment,Checking,2018-01
2018-01-24 00:00:00,Starbucks,3,debit,Coffee Shops,Platinum Card,2018-01
2018-01-25 00:00:00,Internet Service Provider,69.99,debit,Internet,Checking,2018-01
2018-01-29 00:00:00,Shell,30.42,debit,Gas & Fuel,Silver Card,2018-01
2018-01-29 00:00:00,Thai Restaurant,25,debit,Restaurants,Silver Card,2018-01
2018-01-29 00:00:00,Brunch Restaurant,17.62,debit,Restaurants,Platinum Card,2018-01
2018-02-01 00:00:00,Grocery Store,27.79,debit,Groceries,Platinum Card,2018-02
2018-02-01 00:00:00,Amazon,11.11,debit,Shopping,Platinum Card,2018-02
2018-02-02 00:00:00,Mortgage Payment,1247.44,debit,Mortgage & Rent,Checking,2018-02
2018-02-02 00:00:00,Biweekly Paycheck,2000,credit,Paycheck,Checking,2018-02
2018-02-03 00:00:00,Japanese Restaurant,57.02,debit,Restaurants,Platinum Card,2018-02
2018-02-04 00:00:00,Netflix,11.76,debit,Movies & Dvds,Platinum Card,2018-02
2018-02-05 00:00:00,Credit Card Payment,145.14,credit,Credit Card Payment,Platinum Card,2018-02
2018-02-06 00:00:00,Credit Card Payment,154.13,credit,Credit Card Payment,Silver Card,2018-02
2018-02-07 00:00:00,Credit Card Payment,154.13,debit,Credit Card Payment,Checking,2018-02
2018-02-07 00:00:00,Gas Company,65,debit,Utilities,Checking,2018-02
2018-02-09 00:00:00,Barbershop,30,debit,Haircut,Platinum Card,2018-02
2018-02-09 00:00:00,Spotify,10.69,debit,Music,Platinum Card,2018-02
2018-02-10 00:00:00,Bojangles,10.66,debit,Fast Food,Platinum Card,2018-02
2018-02-11 00:00:00,Fancy Restaurant,106.8,debit,Restaurants,Platinum Card,2018-02
2018-02-12 00:00:00,Shell,36.47,debit,Gas & Fuel,Silver Card,2018-02
2018-02-12 00:00:00,Phone Company,89.52,debit,Mobile Phone,Checking,2018-02
2018-02-14 00:00:00,Brewing Company,14,debit,Alcohol & Bars,Silver Card,2018-02
2018-02-15 00:00:00,American Tavern,10,debit,Restaurants,Platinum Card,2018-02
2018-02-15 00:00:00,Power Company,60,debit,Utilities,Checking,2018-02
2018-02-16 00:00:00,Biweekly Paycheck,2000,credit,Paycheck,Checking,2018-02
2018-02-16 00:00:00,Brunch Restaurant,8,debit,Restaurants,Silver Card,2018-02
2018-02-16 00:00:00,City Water Charges,35,debit,Utilities,Checking,2018-02
2018-02-20 00:00:00,Grocery Store,35.95,debit,Groceries,Silver Card,2018-02
2018-02-20 00:00:00,Mexican Restaurant,23.51,debit,Restaurants,Silver Card,2018-02
2018-02-21 00:00:00,Starbucks,2,debit,Coffee Shops,Platinum Card,2018-02
2018-02-22 00:00:00,Starbucks,4,debit,Coffee Shops,Silver Card,2018-02
2018-02-26 00:00:00,Credit Card Payment,765.37,credit,Credit Card Payment,Platinum Card,2018-02
2018-02-26 00:00:00,Credit Card Payment,156.11,credit,Credit Card Payment,Silver Card,2018-02
2018-02-26 00:00:00,Credit Card Payment,765.37,debit,Credit Card Payment,Checking,2018-02
2018-02-26 00:00:00,Internet Service Provider,74.99,debit,Internet,Checking,2018-02
2018-02-26 00:00:00,American Tavern,85.52,debit,Restaurants,Silver Card,2018-02
2018-02-26 00:00:00,Gas Station,32.21,debit,Gas & Fuel,Silver Card,2018-02
2018-02-27 00:00:00,Credit Card Payment,156.11,debit,Credit Card Payment,Checking,2018-02
2018-03-01 00:00:00,Grocery Store,32.07,debit,Groceries,Silver Card,2018-03
2018-03-01 00:00:00,Amazon,13.13,debit,Shopping,Platinum Card,2018-03
2018-03-02 00:00:00,Mortgage Payment,1247.44,debit,Mortgage & Rent,Checking,2018-03
2018-03-02 00:00:00,Biweekly Paycheck,2000,credit,Paycheck,Checking,2018-03
2018-03-03 00:00:00,Grocery Store,23.74,debit,Groceries,Silver Card,2018-03
2018-03-04 00:00:00,Grocery Store,10.69,debit,Groceries,Platinum Card,2018-03
2018-03-04 00:00:00,Netflix,11.76,debit,Movies & Dvds,Platinum Card,2018-03
2018-03-04 00:00:00,BBQ Restaurant,42.24,debit,Restaurants,Platinum Card,2018-03
2018-03-05 00:00:00,Starbucks,3,debit,Coffee Shops,Platinum Card,2018-03
2018-03-05 00:00:00,Credit Card Payment,761.59,credit,Credit Card Payment,Silver Card,2018-03
2018-03-05 00:00:00,Credit Card Payment,761.59,debit,Credit Card Payment,Checking,2018-03
2018-03-07 00:00:00,Starbucks,3.5,debit,Coffee Shops,Platinum Card,2018-03
2018-03-08 00:00:00,BP,34.9,debit,Gas & Fuel,Platinum Card,2018-03
2018-03-08 00:00:00,Gas Company,52,debit,Utilities,Checking,2018-03
2018-03-09 00:00:00,Grocery Store,20.72,debit,Groceries,Platinum Card,2018-03
2018-03-09 00:00:00,Grocery Store,5.09,debit,Groceries,Platinum Card,2018-03
2018-03-09 00:00:00,Spotify,10.69,debit,Music,Platinum Card,2018-03
2018-03-12 00:00:00,Grocery Store,19.35,debit,Groceries,Platinum Card,2018-03
2018-03-12 00:00:00,Phone Company,89.52,debit,Mobile Phone,Checking,2018-03
2018-03-13 00:00:00,Amazon,45.75,debit,Shopping,Platinum Card,2018-03
2018-03-14 00:00:00,Grocery Store,22.5,debit,Groceries,Platinum Card,2018-03
2018-03-14 00:00:00,Brunch Restaurant,8.49,debit,Restaurants,Platinum Card,2018-03
2018-03-15 00:00:00,Starbucks,3.5,debit,Coffee Shops,Platinum Card,2018-03
2018-03-15 00:00:00,Power Company,60,debit,Utilities,Checking,2018-03
2018-03-16 00:00:00,Biweekly Paycheck,2000,credit,Paycheck,Checking,2018-03
2018-03-17 00:00:00,Brewing Company,19.5,debit,Alcohol & Bars,Silver Card,2018-03
2018-03-17 00:00:00,Pizza Place,23.34,debit,Fast Food,Platinum Card,2018-03
2018-03-19 00:00:00,Mediterranean Restaurant,36.48,debit,Restaurants,Silver Card,2018-03
2018-03-19 00:00:00,City Water Charges,35,debit,Utilities,Checking,2018-03
2018-03-20 00:00:00,Amazon,14.97,debit,Shopping,Platinum Card,2018-03
2018-03-22 00:00:00,BP,30.55,debit,Gas & Fuel,Silver Card,2018-03
2018-03-23 00:00:00,Credit Card Payment,559.91,credit,Credit Card Payment,Platinum Card,2018-03
2018-03-23 00:00:00,Credit Card Payment,559.91,debit,Credit Card Payment,Checking,2018-03
2018-03-23 00:00:00,Grocery Store,11.76,debit,Groceries,Silver Card,2018-03
2018-03-26 00:00:00,Internet Service Provider,74.99,debit,Internet,Checking,2018-03
2018-03-28 00:00:00,Grocery Store,16.06,debit,Groceries,Silver Card,2018-03
2018-03-28 00:00:00,Pizza Place,24.98,debit,Restaurants,Silver Card,2018-03
2018-03-29 00:00:00,Steakhouse,17.64,debit,Restaurants,Silver Card,2018-03
2018-03-30 00:00:00,Grocery Store,9.09,debit,Groceries,Silver Card,2018-03
2018-03-30 00:00:00,Biweekly Paycheck,2000,credit,Paycheck,Checking,2018-03
2018-03-31 00:00:00,Belgian Restaurant,38.32,debit,Restaurants,Platinum Card,2018-03
2018-03-31 00:00:00,Chili's,24.74,debit,Restaurants,Platinum Card,2018-03
2018-03-31 00:00:00,Greek Restaurant,41.16,debit,Restaurants,Silver Card,2018-03
2018-04-01 00:00:00,Grocery Store,80.79,debit,Groceries,Platinum Card,2018-04
2018-04-01 00:00:00,Brewing Company,59.48,debit,Restaurants,Platinum Card,2018-04
2018-04-01 00:00:00,Amazon,13.13,debit,Shopping,Platinum Card,2018-04
2018-04-02 00:00:00,Credit Card Payment,817.14,credit,Credit Card Payment,Silver Card,2018-04
2018-04-02 00:00:00,Credit Card Payment,817.14,debit,Credit Card Payment,Checking,2018-04
2018-04-02 00:00:00,Grocery Store,82.36,debit,Groceries,Platinum Card,2018-04
2018-04-02 00:00:00,Hardware Store,13.89,debit,Home Improvement,Platinum Card,2018-04
2018-04-02 00:00:00,Mortgage Payment,1247.44,debit,Mortgage & Rent,Checking,2018-04
2018-04-03 00:00:00,Amazon Video,6.41,debit,Movies & Dvds,Platinum Card,2018-04
2018-04-04 00:00:00,Credit Card Payment,363.08,credit,Credit Card Payment,Platinum Card,2018-04
2018-04-04 00:00:00,Credit Card Payment,363.08,debit,Credit Card Payment,Checking,2018-04
2018-04-04 00:00:00,Netflix,11.76,debit,Movies & Dvds,Platinum Card,2018-04
2018-04-06 00:00:00,Chevron,4.58,debit,Gas & Fuel,Platinum Card,2018-04
2018-04-06 00:00:00,Tiny Deli,9.76,debit,Restaurants,Platinum Card,2018-04
2018-04-08 00:00:00,Irish Pub,22,debit,Restaurants,Platinum Card,2018-04
2018-04-09 00:00:00,Blue Sky Market,6.48,debit,Groceries,Silver Card,2018-04
2018-04-09 00:00:00,Spotify,10.69,debit,Music,Platinum Card,2018-04
2018-04-09 00:00:00,Gas Company,30,debit,Utilities,Checking,2018-04
2018-04-11 00:00:00,Phone Company,89.52,debit,Mobile Phone,Checking,2018-04
2018-04-12 00:00:00,Starbucks,7,debit,Coffee Shops,Platinum Card,2018-04
2018-04-12 00:00:00,Barbershop,30,debit,Haircut,Platinum Card,2018-04
2018-04-13 00:00:00,BP,37.98,debit,Gas & Fuel,Platinum Card,2018-04
2018-04-13 00:00:00,Biweekly Paycheck,2000,credit,Paycheck,Checking,2018-04
2018-04-13 00:00:00,American Tavern,10.66,debit,Restaurants,Platinum Card,2018-04
2018-04-14 00:00:00,Hardware Store,11.61,debit,Home Improvement,Platinum Card,2018-04
2018-04-14 00:00:00,American Tavern,41,debit,Restaurants,Platinum Card,2018-04
2018-04-16 00:00:00,State Farm,75,debit,Auto Insurance,Checking,2018-04
2018-04-16 00:00:00,City Water Charges,35,debit,Utilities,Checking,2018-04
2018-04-18 00:00:00,Power Company,60,debit,Utilities,Checking,2018-04
2018-04-20 00:00:00,Thai Restaurant,24.22,debit,Restaurants,Silver Card,2018-04
2018-04-21 00:00:00,Grocery Store,4.32,debit,Groceries,Silver Card,2018-04
2018-04-21 00:00:00,American Tavern,35.15,debit,Restaurants,Silver Card,2018-04
2018-04-22 00:00:00,Grocery Store,21.32,debit,Groceries,Platinum Card,2018-04
2018-04-23 00:00:00,Hardware Store,42.7,debit,Home Improvement,Silver Card,2018-04
2018-04-24 00:00:00,Hardware Store,224.7,debit,Home Improvement,Platinum Card,2018-04
2018-04-24 00:00:00,Amazon,41.34,debit,Shopping,Platinum Card,2018-04
2018-04-25 00:00:00,Hardware Store,210.79,debit,Home Improvement,Silver Card,2018-04
2018-04-25 00:00:00,Internet Service Provider,74.99,debit,Internet,Checking,2018-04
2018-04-26 00:00:00,Credit Card Payment,769.72,credit,Credit Card Payment,Silver Card,2018-04
2018-04-26 00:00:00,Credit Card Payment,1216.94,credit,Credit Card Payment,Platinum Card,2018-04
2018-04-26 00:00:00,Credit Card Payment,1216.94,debit,Credit Card Payment,Checking,2018-04
2018-04-27 00:00:00,Credit Card Payment,769.72,debit,Credit Card Payment,Checking,2018-04
2018-04-27 00:00:00,Biweekly Paycheck,2000,credit,Paycheck,Checking,2018-04
2018-04-28 00:00:00,Grocery Store,22.98,debit,Groceries,Silver Card,2018-04
2018-04-29 00:00:00,QuikTrip,39,debit,Gas & Fuel,Platinum Card,2018-04
2018-04-29 00:00:00,Grocery Store,51.05,debit,Groceries,Platinum Card,2018-04
2018-04-29 00:00:00,Hardware Store,68.47,debit,Home Improvement,Platinum Card,2018-04
2018-04-30 00:00:00,Grocery Store,5.09,debit,Groceries,Platinum Card,2018-04
2018-05-01 00:00:00,Amazon,13.13,debit,Shopping,Platinum Card,2018-05
2018-05-02 00:00:00,Mortgage Payment,1247.44,debit,Mortgage & Rent,Checking,2018-05
2018-05-03 00:00:00,Amazon,49.72,debit,Shopping,Platinum Card,2018-05
2018-05-04 00:00:00,Grocery Store,42.23,debit,Groceries,Platinum Card,2018-05
2018-05-04 00:00:00,Netflix,11.76,debit,Movies & Dvds,Platinum Card,2018-05
2018-05-05 00:00:00,Bojangles,7.27,debit,Fast Food,Platinum Card,2018-05
2018-05-05 00:00:00,Pizza Place,20.52,debit,Fast Food,Platinum Card,2018-05
2018-05-06 00:00:00,Hardware Store,22.37,debit,Home Improvement,Platinum Card,2018-05
2018-05-06 00:00:00,Amazon,117.69,debit,Shopping,Platinum Card,2018-05
2018-05-09 00:00:00,Credit Card Payment,601.4,credit,Credit Card Payment,Platinum Card,2018-05
2018-05-09 00:00:00,Credit Card Payment,601.4,debit,Credit Card Payment,Checking,2018-05
2018-05-09 00:00:00,Spotify,10.69,debit,Music,Platinum Card,2018-05
2018-05-09 00:00:00,Gas Company,30,debit,Utilities,Checking,2018-05
2018-05-10 00:00:00,Phone Company,111.18,debit,Mobile Phone,Checking,2018-05
2018-05-11 00:00:00,Grocery Store,57.32,debit,Groceries,Platinum Card,2018-05
2018-05-11 00:00:00,Biweekly Paycheck,2000,credit,Paycheck,Checking,2018-05
2018-05-11 00:00:00,Mike's Construction Co.,8000,debit,Home Improvement,Checking,2018-05
2018-05-12 00:00:00,Liquor Store,27.77,debit,Alcohol & Bars,Platinum Card,2018-05
2018-05-12 00:00:00,Shell,33.3,debit,Gas & Fuel,Platinum Card,2018-05
2018-05-12 00:00:00,Fancy Restaurant,78,debit,Restaurants,Platinum Card,2018-05
2018-05-14 00:00:00,Grocery Store,67.63,debit,Groceries,Silver Card,2018-05
2018-05-15 00:00:00,Power Company,60,debit,Utilities,Checking,2018-05
2018-05-17 00:00:00,Barbershop,29,debit,Haircut,Silver Card,2018-05
2018-05-17 00:00:00,City Water Charges,35,debit,Utilities,Checking,2018-05
2018-05-18 00:00:00,State Farm,75,debit,Auto Insurance,Checking,2018-05
2018-05-18 00:00:00,Amazon,6.41,debit,Shopping,Platinum Card,2018-05
2018-05-19 00:00:00,Credit Card Payment,207.08,credit,Credit Card Payment,Platinum Card,2018-05
2018-05-19 00:00:00,Grocery Store,31,debit,Groceries,Silver Card,2018-05
2018-05-19 00:00:00,Greek Restaurant,23.26,debit,Restaurants,Silver Card,2018-05
2018-05-21 00:00:00,Credit Card Payment,283.07,credit,Credit Card Payment,Silver Card,2018-05
2018-05-21 00:00:00,Thai Restaurant,26.04,debit,Restaurants,Silver Card,2018-05
2018-05-21 00:00:00,Amazon,32.5,debit,Shopping,Platinum Card,2018-05
2018-05-22 00:00:00,Credit Card Payment,283.07,debit,Credit Card Payment,Checking,2018-05
2018-05-24 00:00:00,BP,39.44,debit,Gas & Fuel,Silver Card,2018-05
2018-05-25 00:00:00,Internet Service Provider,74.99,debit,Internet,Checking,2018-05
2018-05-25 00:00:00,Biweekly Paycheck,2000,credit,Paycheck,Checking,2018-05
2018-05-28 00:00:00,Movie Theater,9.62,debit,Entertainment,Silver Card,2018-05
2018-05-28 00:00:00,Grocery Store,91.03,debit,Groceries,Silver Card,2018-05
2018-05-29 00:00:00,Movie Theater,20,debit,Movies & Dvds,Silver Card,2018-05
2018-05-29 00:00:00,Movie Theater,6.25,debit,Movies & Dvds,Silver Card,2018-05
2018-06-01 00:00:00,BP,38.63,debit,Gas & Fuel,Platinum Card,2018-06
2018-06-01 00:00:00,Grocery Store,6.11,debit,Groceries,Platinum Card,2018-06
2018-06-01 00:00:00,Amazon,13.13,debit,Shopping,Platinum Card,2018-06
2018-06-02 00:00:00,Credit Card Payment,235.18,credit,Credit Card Payment,Silver Card,2018-06
2018-06-02 00:00:00,Credit Card Payment,466.36,credit,Credit Card Payment,Platinum Card,2018-06
2018-06-03 00:00:00,Italian Restaurant,65.81,debit,Restaurants,Platinum Card,2018-06
2018-06-04 00:00:00,Credit Card Payment,235.18,debit,Credit Card Payment,Checking,2018-06
2018-06-04 00:00:00,Grocery Store,24.12,debit,Groceries,Platinum Card,2018-06
2018-06-04 00:00:00,Mortgage Payment,1247.44,debit,Mortgage & Rent,Checking,2018-06
2018-06-04 00:00:00,Netflix,11.76,debit,Movies & Dvds,Platinum Card,2018-06
2018-06-06 00:00:00,Starbucks,4,debit,Coffee Shops,Platinum Card,2018-06
2018-06-08 00:00:00,Biweekly Paycheck,2000,credit,Paycheck,Checking,2018-06
2018-06-08 00:00:00,Gas Company,30,debit,Utilities,Checking,2018-06
2018-06-09 00:00:00,Chick-Fil-A,16.18,debit,Fast Food,Platinum Card,2018-06
2018-06-09 00:00:00,Grocery Store,9.56,debit,Groceries,Platinum Card,2018-06
2018-06-09 00:00:00,Spotify,10.69,debit,Music,Platinum Card,2018-06
2018-06-10 00:00:00,Grocery Store,46.01,debit,Groceries,Platinum Card,2018-06
2018-06-12 00:00:00,Grocery Store,12.55,debit,Groceries,Platinum Card,2018-06
2018-06-12 00:00:00,Phone Company,89.46,debit,Mobile Phone,Checking,2018-06
2018-06-14 00:00:00,Credit Card Payment,283.44,credit,Credit Card Payment,Platinum Card,2018-06
2018-06-14 00:00:00,Credit Card Payment,283.44,debit,Credit Card Payment,Checking,2018-06
2018-06-14 00:00:00,Grocery Store,7.02,debit,Groceries,Platinum Card,2018-06
2018-06-15 00:00:00,Power Company,60,debit,Utilities,Checking,2018-06
2018-06-16 00:00:00,Starbucks,3,debit,Coffee Shops,Platinum Card,2018-06
2018-06-16 00:00:00,Pizza Place,22.66,debit,Fast Food,Platinum Card,2018-06
2018-06-16 00:00:00,Grocery Store,13.9,debit,Groceries,Platinum Card,2018-06
2018-06-18 00:00:00,City Water Charges,35,debit,Utilities,Checking,2018-06
2018-06-19 00:00:00,Shell,38.52,debit,Gas & Fuel,Platinum Card,2018-06
2018-06-19 00:00:00,Grocery Store,2.69,debit,Groceries,Platinum Card,2018-06
2018-06-20 00:00:00,State Farm,75,debit,Auto Insurance,Checking,2018-06
2018-06-20 00:00:00,Credit Card Payment,89.45,credit,Credit Card Payment,Silver Card,2018-06
2018-06-20 00:00:00,Barbershop,30,debit,Haircut,Silver Card,2018-06
2018-06-21 00:00:00,Credit Card Payment,89.45,debit,Credit Card Payment,Checking,2018-06
2018-06-22 00:00:00,Biweekly Paycheck,2000,credit,Paycheck,Checking,2018-06
2018-06-23 00:00:00,Brunch Restaurant,8.5,debit,Restaurants,Silver Card,2018-06
2018-06-23 00:00:00,Amazon,74.97,debit,Shopping,Platinum Card,2018-06
2018-06-25 00:00:00,Credit Card Payment,942.76,credit,Credit Card Payment,Platinum Card,2018-06
2018-06-25 00:00:00,Credit Card Payment,942.76,debit,Credit Card Payment,Checking,2018-06
2018-06-25 00:00:00,Internet Service Provider,74.99,debit,Internet,Checking,2018-06
2018-06-26 00:00:00,Grocery Store,9.62,debit,Groceries,Silver Card,2018-06
2018-06-27 00:00:00,Starbucks,3.5,debit,Coffee Shops,Silver Card,2018-06
2018-06-27 00:00:00,Pizza Place,22.66,debit,Fast Food,Platinum Card,2018-06
2018-06-28 00:00:00,Grocery Store,7.57,debit,Groceries,Silver Card,2018-06
2018-07-01 00:00:00,Amazon,13.13,debit,Shopping,Platinum Card,2018-07
2018-07-02 00:00:00,Mortgage Payment,1247.44,debit,Mortgage & Rent,Checking,2018-07
2018-07-02 00:00:00,Movie Theater,25,debit,Movies & Dvds,Silver Card,2018-07
2018-07-02 00:00:00,American Tavern,36.44,debit,Restaurants,Silver Card,2018-07
2018-07-04 00:00:00,BP,34.48,debit,Gas & Fuel,Silver Card,2018-07
2018-07-04 00:00:00,Netflix,11.76,debit,Movies & Dvds,Platinum Card,2018-07
2018-07-05 00:00:00,Grocery Store,44.25,debit,Groceries,Silver Card,2018-07
2018-07-05 00:00:00,Amazon,212.32,debit,Shopping,Platinum Card,2018-07
2018-07-06 00:00:00,Amazon Video,6.41,debit,Movies & Dvds,Platinum Card,2018-07
2018-07-06 00:00:00,Biweekly Paycheck,2000,credit,Paycheck,Checking,2018-07
2018-07-08 00:00:00,Credit Card Payment,259.87,credit,Credit Card Payment,Platinum Card,2018-07
2018-07-09 00:00:00,Credit Card Payment,242.16,credit,Credit Card Payment,Silver Card,2018-07
2018-07-09 00:00:00,Credit Card Payment,259.87,debit,Credit Card Payment,Checking,2018-07
2018-07-09 00:00:00,Spotify,10.69,debit,Music,Platinum Card,2018-07
2018-07-10 00:00:00,Credit Card Payment,242.16,debit,Credit Card Payment,Checking,2018-07
2018-07-10 00:00:00,Grocery Store,5.39,debit,Groceries,Silver Card,2018-07
2018-07-10 00:00:00,Gas Company,30,debit,Utilities,Checking,2018-07
2018-07-11 00:00:00,Phone Company,89.46,debit,Mobile Phone,Checking,2018-07
2018-07-14 00:00:00,Go Mart,33.51,debit,Gas & Fuel,Silver Card,2018-07
2018-07-15 00:00:00,Circle K,36.24,debit,Gas & Fuel,Platinum Card,2018-07
2018-07-17 00:00:00,Wendy's,15.23,debit,Fast Food,Silver Card,2018-07
2018-07-17 00:00:00,City Water Charges,35,debit,Utilities,Checking,2018-07
2018-07-17 00:00:00,Power Company,60,debit,Utilities,Checking,2018-07
2018-07-18 00:00:00,Irish Restaurant,28.54,debit,Alcohol & Bars,Platinum Card,2018-07
2018-07-18 00:00:00,State Farm,75,debit,Auto Insurance,Checking,2018-07
2018-07-20 00:00:00,Credit Card Payment,61.43,credit,Credit Card Payment,Silver Card,2018-07
2018-07-20 00:00:00,Credit Card Payment,102.88,credit,Credit Card Payment,Platinum Card,2018-07
2018-07-20 00:00:00,Credit Card Payment,102.88,debit,Credit Card Payment,Checking,2018-07
2018-07-20 00:00:00,Biweekly Paycheck,2000,credit,Paycheck,Checking,2018-07
2018-07-21 00:00:00,Grocery Store,28.93,debit,Groceries,Platinum Card,2018-07
2018-07-21 00:00:00,Barbershop,30,debit,Haircut,Platinum Card,2018-07
2018-07-23 00:00:00,Credit Card Payment,61.43,debit,Credit Card Payment,Checking,2018-07
2018-07-23 00:00:00,Starbucks,9.58,debit,Fast Food,Platinum Card,2018-07
2018-07-24 00:00:00,American Tavern,26.59,debit,Restaurants,Platinum Card,2018-07
2018-07-25 00:00:00,Internet Service Provider,74.99,debit,Internet,Checking,2018-07
2018-07-26 00:00:00,Conoco,33.67,debit,Gas & Fuel,Silver Card,2018-07
2018-07-28 00:00:00,Grocery Store,7.61,debit,Groceries,Silver Card,2018-07
2018-07-30 00:00:00,American Tavern,34.38,debit,Restaurants,Silver Card,2018-07
2018-07-31 00:00:00,Brewing Company,6.6,debit,Alcohol & Bars,Silver Card,2018-07
2018-08-01 00:00:00,Amazon,13.13,debit,Shopping,Platinum Card,2018-08
2018-08-02 00:00:00,Credit Card Payment,816.27,credit,Credit Card Payment,Platinum Card,2018-08
2018-08-02 00:00:00,Shell,40.44,debit,Gas & Fuel,Silver Card,2018-08
2018-08-02 00:00:00,Mortgage Payment,1247.44,debit,Mortgage & Rent,Checking,2018-08
2018-08-03 00:00:00,Grocery Store,6.27,debit,Groceries,Silver Card,2018-08
2018-08-03 00:00:00,Biweekly Paycheck,2000,credit,Paycheck,Checking,2018-08
2018-08-04 00:00:00,Netflix,11.76,debit,Movies & Dvds,Platinum Card,2018-08
2018-08-06 00:00:00,Amazon,76.47,debit,Shopping,Platinum Card,2018-08
2018-08-09 00:00:00,Spotify,10.69,debit,Music,Platinum Card,2018-08
2018-08-09 00:00:00,Gas Company,30,debit,Utilities,Checking,2018-08
2018-08-10 00:00:00,Phone Company,89.4,debit,Mobile Phone,Checking,2018-08
2018-08-11 00:00:00,Chick-Fil-A,13.67,debit,Fast Food,Platinum Card,2018-08
2018-08-11 00:00:00,Valero,33.66,debit,Gas & Fuel,Platinum Card,2018-08
2018-08-15 00:00:00,Credit Card Payment,269.56,credit,Credit Card Payment,Silver Card,2018-08
2018-08-15 00:00:00,Credit Card Payment,159.38,credit,Credit Card Payment,Platinum Card,2018-08
2018-08-15 00:00:00,Shell,41.07,debit,Gas & Fuel,Platinum Card,2018-08
2018-08-15 00:00:00,Grocery Store,5.64,debit,Groceries,Platinum Card,2018-08
2018-08-15 00:00:00,Power Company,60,debit,Utilities,Checking,2018-08
2018-08-16 00:00:00,Credit Card Payment,269.56,debit,Credit Card Payment,Checking,2018-08
2018-08-16 00:00:00,City Water Charges,35,debit,Utilities,Checking,2018-08
2018-08-17 00:00:00,Biweekly Paycheck,2000,credit,Paycheck,Checking,2018-08
2018-08-17 00:00:00,Amazon,14.98,debit,Shopping,Platinum Card,2018-08
2018-08-18 00:00:00,Amazon,23.47,debit,Shopping,Platinum Card,2018-08
2018-08-20 00:00:00,State Farm,75,debit,Auto Insurance,Checking,2018-08
2018-08-21 00:00:00,Credit Card Payment,34.18,credit,Credit Card Payment,Silver Card,2018-08
2018-08-21 00:00:00,Credit Card Payment,99.76,credit,Credit Card Payment,Platinum Card,2018-08
2018-08-21 00:00:00,Credit Card Payment,99.76,debit,Credit Card Payment,Checking,2018-08
2018-08-22 00:00:00,Credit Card Payment,34.18,debit,Credit Card Payment,Checking,2018-08
2018-08-24 00:00:00,American Tavern,42.31,debit,Restaurants,Platinum Card,2018-08
2018-08-27 00:00:00,Internet Service Provider,74.99,debit,Internet,Checking,2018-08
2018-08-30 00:00:00,Shell,35.65,debit,Gas & Fuel,Platinum Card,2018-08
2018-08-31 00:00:00,Grocery Store,11.64,debit,Groceries,Platinum Card,2018-08
2018-08-31 00:00:00,Biweekly Paycheck,2000,credit,Paycheck,Checking,2018-08
2018-09-01 00:00:00,Brewing Company,47.4,debit,Alcohol & Bars,Platinum Card,2018-09
2018-09-01 00:00:00,Amazon,13.13,debit,Shopping,Platinum Card,2018-09
2018-09-02 00:00:00,Amazon,109.83,debit,Shopping,Platinum Card,2018-09
2018-09-04 00:00:00,Credit Card Payment,687.29,credit,Credit Card Payment,Platinum Card,2018-09
2018-09-04 00:00:00,Credit Card Payment,687.29,debit,Credit Card Payment,Checking,2018-09
2018-09-04 00:00:00,Mortgage Payment,1247.44,debit,Mortgage & Rent,Checking,2018-09
2018-09-04 00:00:00,Netflix,11.76,debit,Movies & Dvds,Platinum Card,2018-09
2018-09-07 00:00:00,Gas Company,30,debit,Utilities,Checking,2018-09
2018-09-09 00:00:00,Brewing Company,18,debit,Alcohol & Bars,Platinum Card,2018-09
2018-09-09 00:00:00,Spotify,10.69,debit,Music,Platinum Card,2018-09
2018-09-11 00:00:00,BP,38.86,debit,Gas & Fuel,Platinum Card,2018-09
2018-09-11 00:00:00,Grocery Store,7.87,debit,Groceries,Platinum Card,2018-09
2018-09-12 00:00:00,Grocery Store,47.16,debit,Groceries,Platinum Card,2018-09
2018-09-12 00:00:00,Phone Company,89.4,debit,Mobile Phone,Checking,2018-09
2018-09-13 00:00:00,Grocery Store,5.64,debit,Groceries,Platinum Card,2018-09
2018-09-14 00:00:00,Credit Card Payment,134.34,credit,Credit Card Payment,Platinum Card,2018-09
2018-09-14 00:00:00,Biweekly Paycheck,2000,credit,Paycheck,Checking,2018-09
2018-09-17 00:00:00,Grocery Store,10.17,debit,Groceries,Platinum Card,2018-09
2018-09-17 00:00:00,Grocery Store,8.8,debit,Groceries,Platinum Card,2018-09
2018-09-17 00:00:00,City Water Charges,35,debit,Utilities,Checking,2018-09
2018-09-18 00:00:00,Grocery Store,4.32,debit,Groceries,Platinum Card,2018-09
2018-09-18 00:00:00,Power Company,60,debit,Utilities,Checking,2018-09
2018-09-19 00:00:00,State Farm,75,debit,Auto Insurance,Checking,2018-09
2018-09-19 00:00:00,Barbershop,30,debit,Haircut,Platinum Card,2018-09
2018-09-20 00:00:00,Amazon,47.38,debit,Shopping,Platinum Card,2018-09
2018-09-22 00:00:00,Hardware Store,69.4,debit,Home Improvement,Platinum Card,2018-09
2018-09-22 00:00:00,Hardware Store,6.83,debit,Home Improvement,Platinum Card,2018-09
2018-09-25 00:00:00,Internet Service Provider,74.99,debit,Internet,Checking,2018-09
2018-09-25 00:00:00,Sushi Restaurant,48.64,debit,Restaurants,Silver Card,2018-09
2018-09-26 00:00:00,Starbucks,5,debit,Coffee Shops,Platinum Card,2018-09
2018-09-26 00:00:00,Exxon,38,debit,Gas & Fuel,Silver Card,2018-09
2018-09-27 00:00:00,Valero,40.71,debit,Gas & Fuel,Platinum Card,2018-09
2018-09-28 00:00:00,Credit Card Payment,128.12,credit,Credit Card Payment,Silver Card,2018-09
2018-09-28 00:00:00,Credit Card Payment,284.96,credit,Credit Card Payment,Platinum Card,2018-09
2018-09-28 00:00:00,Credit Card Payment,284.96,debit,Credit Card Payment,Checking,2018-09
2018-09-28 00:00:00,Grocery Store,13.36,debit,Groceries,Platinum Card,2018-09
2018-09-28 00:00:00,Biweekly Paycheck,2000,credit,Paycheck,Checking,2018-09
2018-09-29 00:00:00,Greek Restaurant,23.26,debit,Restaurants,Platinum Card,2018-09
2018-09-29 00:00:00,German Restaurant,46.7,debit,Restaurants,Platinum Card,2018-09
2018-10-01 00:00:00,Starbucks,3,debit,Coffee Shops,Platinum Card,2018-10
2018-10-01 00:00:00,Credit Card Payment,128.12,debit,Credit Card Payment,Checking,2018-10
2018-10-01 00:00:00,Grocery Store,15.66,debit,Groceries,Platinum Card,2018-10
2018-10-01 00:00:00,Amazon,13.13,debit,Shopping,Platinum Card,2018-10
2018-10-02 00:00:00,Credit Card Payment,124.03,credit,Credit Card Payment,Platinum Card,2018-10
2018-10-02 00:00:00,Credit Card Payment,124.03,debit,Credit Card Payment,Checking,2018-10
2018-10-02 00:00:00,Mortgage Payment,1209.18,debit,Mortgage & Rent,Checking,2018-10
2018-10-04 00:00:00,Netflix,11.76,debit,Movies & Dvds,Platinum Card,2018-10
2018-10-06 00:00:00,American Tavern,27,debit,Restaurants,Silver Card,2018-10
2018-10-08 00:00:00,Shell,38.06,debit,Gas & Fuel,Silver Card,2018-10
2018-10-08 00:00:00,Hardware Store,80.65,debit,Home Improvement,Silver Card,2018-10
2018-10-08 00:00:00,Hardware Store,31.2,debit,Home Improvement,Silver Card,2018-10
2018-10-09 00:00:00,Spotify,10.69,debit,Music,Platinum Card,2018-10
2018-10-09 00:00:00,Amazon,19.98,debit,Shopping,Platinum Card,2018-10
2018-10-09 00:00:00,Gas Company,30,debit,Utilities,Checking,2018-10
2018-10-10 00:00:00,Grocery Store,53.68,debit,Groceries,Silver Card,2018-10
2018-10-11 00:00:00,Phone Company,89.4,debit,Mobile Phone,Checking,2018-10
2018-10-12 00:00:00,Biweekly Paycheck,2000,credit,Paycheck,Checking,2018-10
2018-10-16 00:00:00,Power Company,60,debit,Utilities,Checking,2018-10
2018-10-17 00:00:00,City Water Charges,35,debit,Utilities,Checking,2018-10
2018-10-18 00:00:00,State Farm,75,debit,Auto Insurance,Checking,2018-10
2018-10-18 00:00:00,Grocery Store,33.55,debit,Groceries,Platinum Card,2018-10
2018-10-18 00:00:00,Hardware Store,45.24,debit,Home Improvement,Platinum Card,2018-10
2018-10-18 00:00:00,Brunch Restaurant,8,debit,Restaurants,Platinum Card,2018-10
2018-10-21 00:00:00,Credit Card Payment,544.37,credit,Credit Card Payment,Platinum Card,2018-10
2018-10-22 00:00:00,Credit Card Payment,353.83,credit,Credit Card Payment,Silver Card,2018-10
2018-10-22 00:00:00,Credit Card Payment,353.83,debit,Credit Card Payment,Checking,2018-10
2018-10-22 00:00:00,BP,34.66,debit,Gas & Fuel,Platinum Card,2018-10
2018-10-23 00:00:00,Grocery Store,7.57,debit,Groceries,Platinum Card,2018-10
2018-10-25 00:00:00,Internet Service Provider,74.99,debit,Internet,Checking,2018-10
2018-10-25 00:00:00,Amazon,29.98,debit,Shopping,Platinum Card,2018-10
2018-10-26 00:00:00,Biweekly Paycheck,2000,credit,Paycheck,Checking,2018-10
2018-10-27 00:00:00,American Tavern,25.4,debit,Restaurants,Silver Card,2018-10
2018-10-28 00:00:00,Brewing Company,12.71,debit,Alcohol & Bars,Platinum Card,2018-10
2018-10-28 00:00:00,Seafood Restaurant,14.75,debit,Food & Dining,Platinum Card,2018-10
2018-10-28 00:00:00,Grocery Store,92.49,debit,Groceries,Platinum Card,2018-10
2018-10-28 00:00:00,Italian Restaurant,54,debit,Restaurants,Platinum Card,2018-10
2018-10-31 00:00:00,Grocery Store,5.64,debit,Groceries,Platinum Card,2018-10
2018-11-01 00:00:00,Amazon,13.13,debit,Shopping,Platinum Card,2018-11
2018-11-02 00:00:00,Credit Card Payment,262.51,credit,Credit Card Payment,Platinum Card,2018-11
2018-11-02 00:00:00,Credit Card Payment,262.51,debit,Credit Card Payment,Checking,2018-11
2018-11-02 00:00:00,Mortgage Payment,1209.18,debit,Mortgage & Rent,Checking,2018-11
2018-11-03 00:00:00,Pizza Place,23.66,debit,Fast Food,Platinum Card,2018-11
2018-11-04 00:00:00,Netflix,11.76,debit,Movies & Dvds,Platinum Card,2018-11
2018-11-05 00:00:00,Shell,36.51,debit,Gas & Fuel,Platinum Card,2018-11
2018-11-06 00:00:00,Amazon,53.95,debit,Shopping,Platinum Card,2018-11
2018-11-06 00:00:00,Gas Company,30,debit,Utilities,Checking,2018-11
2018-11-08 00:00:00,Grocery Store,5.64,debit,Groceries,Platinum Card,2018-11
2018-11-09 00:00:00,Spotify,10.69,debit,Music,Platinum Card,2018-11
2018-11-09 00:00:00,Biweekly Paycheck,2000,credit,Paycheck,Checking,2018-11
2018-11-10 00:00:00,Brewing Company,27,debit,Alcohol & Bars,Platinum Card,2018-11
2018-11-10 00:00:00,Chick-Fil-A,14.19,debit,Fast Food,Platinum Card,2018-11
2018-11-10 00:00:00,Food Truck,24.4,debit,Groceries,Platinum Card,2018-11
2018-11-12 00:00:00,Grocery Store,10.18,debit,Groceries,Platinum Card,2018-11
2018-11-12 00:00:00,American Tavern,22.33,debit,Restaurants,Silver Card,2018-11
2018-11-13 00:00:00,Grocery Store,4.8,debit,Groceries,Platinum Card,2018-11
2018-11-13 00:00:00,Grocery Store,37.43,debit,Groceries,Platinum Card,2018-11
2018-11-13 00:00:00,Grocery Store,10.15,debit,Groceries,Platinum Card,2018-11
2018-11-13 00:00:00,Phone Company,89.54,debit,Mobile Phone,Checking,2018-11
2018-11-14 00:00:00,Power Company,60,debit,Utilities,Checking,2018-11
2018-11-16 00:00:00,City Water Charges,35,debit,Utilities,Checking,2018-11
2018-11-17 00:00:00,Brewing Company,22.8,debit,Alcohol & Bars,Platinum Card,2018-11
2018-11-17 00:00:00,Hardware Store,15.47,debit,Home Improvement,Platinum Card,2018-11
2018-11-17 00:00:00,Hardware Store,6.4,debit,Home Improvement,Platinum Card,2018-11
2018-11-17 00:00:00,Greek Restaurant,23.26,debit,Restaurants,Platinum Card,2018-11
2018-11-19 00:00:00,Brewing Company,20,debit,Alcohol & Bars,Silver Card,2018-11
2018-11-19 00:00:00,QuikTrip,29.15,debit,Gas & Fuel,Silver Card,2018-11
2018-11-19 00:00:00,Hardware Store,10.02,debit,Home Improvement,Silver Card,2018-11
2018-11-20 00:00:00,State Farm,75,debit,Auto Insurance,Checking,2018-11
2018-11-20 00:00:00,Credit Card Payment,421.96,credit,Credit Card Payment,Platinum Card,2018-11
2018-11-21 00:00:00,Grocery Store,5.64,debit,Groceries,Silver Card,2018-11
2018-11-21 00:00:00,Hardware Store,37.41,debit,Home Improvement,Platinum Card,2018-11
2018-11-23 00:00:00,Biweekly Paycheck,2000,credit,Paycheck,Checking,2018-11
2018-11-26 00:00:00,American Tavern,16.8,debit,Alcohol & Bars,Silver Card,2018-11
2018-11-26 00:00:00,Internet Service Provider,74.99,debit,Internet,Checking,2018-11
2018-11-27 00:00:00,Movie Theater,17,debit,Movies & Dvds,Silver Card,2018-11
2018-11-27 00:00:00,American Tavern,28.4,debit,Restaurants,Silver Card,2018-11
2018-11-29 00:00:00,Credit Card Payment,582.99,credit,Credit Card Payment,Silver Card,2018-11
2018-11-29 00:00:00,Credit Card Payment,751.5,credit,Credit Card Payment,Platinum Card,2018-11
2018-11-30 00:00:00,Credit Card Payment,582.99,debit,Credit Card Payment,Checking,2018-11
2018-11-30 00:00:00,Grocery Store,6.27,debit,Groceries,Silver Card,2018-11
2018-12-01 00:00:00,Grocery Store,5.64,debit,Groceries,Silver Card,2018-12
2018-12-01 00:00:00,Brunch Restaurant,8,debit,Restaurants,Silver Card,2018-12
2018-12-01 00:00:00,Amazon,13.13,debit,Shopping,Platinum Card,2018-12
2018-12-03 00:00:00,BP,30.03,debit,Gas & Fuel,Silver Card,2018-12
2018-12-03 00:00:00,Grocery Store,148.15,debit,Groceries,Silver Card,2018-12
2018-12-03 00:00:00,Mortgage Payment,1209.18,debit,Mortgage & Rent,Checking,2018-12
2018-12-04 00:00:00,Starbucks,3,debit,Coffee Shops,Silver Card,2018-12
2018-12-04 00:00:00,Latin Restaurant,20.65,debit,Fast Food,Platinum Card,2018-12
2018-12-04 00:00:00,Netflix,11.76,debit,Movies & Dvds,Platinum Card,2018-12
2018-12-06 00:00:00,Grocery Store,21.38,debit,Groceries,Platinum Card,2018-12
2018-12-06 00:00:00,Grocery Store,13.48,debit,Groceries,Platinum Card,2018-12
2018-12-06 00:00:00,Gas Company,40,debit,Utilities,Checking,2018-12
2018-12-07 00:00:00,Barbershop,30,debit,Haircut,Platinum Card,2018-12
2018-12-07 00:00:00,Biweekly Paycheck,2000,credit,Paycheck,Checking,2018-12
2018-12-08 00:00:00,Grocery Store,12.64,debit,Groceries,Platinum Card,2018-12
2018-12-09 00:00:00,Spotify,10.69,debit,Music,Platinum Card,2018-12
2018-12-11 00:00:00,Brunch Restaurant,10.29,debit,Restaurants,Platinum Card,2018-12
2018-12-12 00:00:00,Phone Company,89.54,debit,Mobile Phone,Checking,2018-12
2018-12-13 00:00:00,Thai Restaurant,27,debit,Restaurants,Silver Card,2018-12
2018-12-14 00:00:00,Grocery Store,21.39,debit,Groceries,Silver Card,2018-12
2018-12-14 00:00:00,Hardware Store,17.1,debit,Home Improvement,Silver Card,2018-12
2018-12-14 00:00:00,Power Company,60,debit,Utilities,Checking,2018-12
2018-12-17 00:00:00,American Tavern,63,debit,Food & Dining,Silver Card,2018-12
2018-12-17 00:00:00,BP,20.01,debit,Gas & Fuel,Silver Card,2018-12
2018-12-17 00:00:00,City Water Charges,35,debit,Utilities,Checking,2018-12
2018-12-18 00:00:00,Starbucks,3,debit,Coffee Shops,Silver Card,2018-12
2018-12-18 00:00:00,Credit Card Payment,311.02,credit,Credit Card Payment,Platinum Card,2018-12
2018-12-18 00:00:00,Credit Card Payment,311.02,debit,Credit Card Payment,Checking,2018-12
2018-12-18 00:00:00,Fancy Restaurant,56.52,debit,Restaurants,Silver Card,2018-12
2018-12-18 00:00:00,Amazon,49.99,debit,Shopping,Platinum Card,2018-12
2018-12-18 00:00:00,Amazon,41.72,debit,Shopping,Platinum Card,2018-12
2018-12-18 00:00:00,Amazon,24.3,debit,Shopping,Platinum Card,2018-12
2018-12-19 00:00:00,State Farm,75,debit,Auto Insurance,Checking,2018-12
2018-12-19 00:00:00,Amazon,43.01,debit,Shopping,Platinum Card,2018-12
2018-12-20 00:00:00,Credit Card Payment,464.03,credit,Credit Card Payment,Silver Card,2018-12
2018-12-20 00:00:00,Shell,30.38,debit,Gas & Fuel,Silver Card,2018-12
2018-12-21 00:00:00,Credit Card Payment,464.03,debit,Credit Card Payment,Checking,2018-12
2018-12-21 00:00:00,Biweekly Paycheck,2000,credit,Paycheck,Checking,2018-12
2018-12-22 00:00:00,New York Deli,21.38,debit,Fast Food,Platinum Card,2018-12
2018-12-22 00:00:00,Hardware Store,22.14,debit,Home Improvement,Platinum Card,2018-12
2018-12-23 00:00:00,Hardware Store,28,debit,Home Improvement,Platinum Card,2018-12
2018-12-24 00:00:00,Hardware Store,38.4,debit,Home Improvement,Platinum Card,2018-12
2018-12-26 00:00:00,Chick-Fil-A,56.07,debit,Fast Food,Platinum Card,2018-12
2018-12-26 00:00:00,Shell,32.47,debit,Gas & Fuel,Platinum Card,2018-12
2018-12-26 00:00:00,Shell,7.48,debit,Gas & Fuel,Platinum Card,2018-12
2018-12-26 00:00:00,Internet Service Provider,75.99,debit,Internet,Checking,2018-12
2018-12-26 00:00:00,Amazon,44.99,debit,Shopping,Platinum Card,2018-12
2018-12-28 00:00:00,Brewing Company,12,debit,Alcohol & Bars,Silver Card,2018-12
2018-12-29 00:00:00,Brewing Company,14,debit,Alcohol & Bars,Silver Card,2018-12
2018-12-29 00:00:00,Credit Card Payment,860.05,credit,Credit Card Payment,Platinum Card,2018-12
2018-12-29 00:00:00,Grocery Store,55.04,debit,Groceries,Silver Card,2018-12
2019-01-01 00:00:00,Amazon,13.09,debit,Shopping,Platinum Card,2019-01
2019-01-02 00:00:00,Credit Card Payment,499.6,debit,Credit Card Payment,Checking,2019-01
2019-01-03 00:00:00,Mortgage Payment,1100,debit,Mortgage & Rent,Checking,2019-01
2019-01-03 00:00:00,Amazon,42.1,debit,Shopping,Platinum Card,2019-01
2019-01-04 00:00:00,Biweekly Paycheck,2000,credit,Paycheck,Checking,2019-01
2019-01-05 00:00:00,American Tavern,23.49,debit,Restaurants,Platinum Card,2019-01
2019-01-08 00:00:00,Gas Company,45,debit,Utilities,Checking,2019-01
2019-01-09 00:00:00,Credit Card Payment,491.45,credit,Credit Card Payment,Platinum Card,2019-01
2019-01-09 00:00:00,Credit Card Payment,491.45,debit,Credit Card Payment,Checking,2019-01
2019-01-09 00:00:00,Credit Card Payment,281.84,debit,Credit Card Payment,Checking,2019-01
2019-01-09 00:00:00,Spotify,10.69,debit,Music,Platinum Card,2019-01
2019-01-10 00:00:00,Grocery Store,58.79,debit,Groceries,Silver Card,2019-01
2019-01-10 00:00:00,Barbershop,30,debit,Haircut,Silver Card,2019-01
2019-01-10 00:00:00,Phone Company,65,debit,Mobile Phone,Checking,2019-01
2019-01-14 00:00:00,Shell,28.92,debit,Gas & Fuel,Silver Card,2019-01
2019-01-15 00:00:00,Grocery Store,6.06,debit,Groceries,Silver Card,2019-01
2019-01-16 00:00:00,City Water Charges,35,debit,Utilities,Checking,2019-01
2019-01-16 00:00:00,Power Company,60,debit,Utilities,Checking,2019-01
2019-01-18 00:00:00,State Farm,75,debit,Auto Insurance,Checking,2019-01
2019-01-18 00:00:00,Biweekly Paycheck,2000,credit,Paycheck,Checking,2019-01
2019-01-21 00:00:00,Credit Card Payment,277.99,credit,Credit Card Payment,Silver Card,2019-01
2019-01-22 00:00:00,Credit Card Payment,277.99,debit,Credit Card Payment,Checking,2019-01
2019-01-24 00:00:00,Grocery Store,21.06,debit,Groceries,Silver Card,2019-01
2019-01-24 00:00:00,Amazon,11.7,debit,Shopping,Platinum Card,2019-01
2019-01-24 00:00:00,Amazon,4.21,debit,Shopping,Platinum Card,2019-01
2019-01-25 00:00:00,Internet Service Provider,75,debit,Internet,Checking,2019-01
2019-01-31 00:00:00,Credit Card Payment,1900,debit,Credit Card Payment,Checking,2019-01
2019-01-31 00:00:00,Shell,31.32,debit,Gas & Fuel,Silver Card,2019-01
2019-02-01 00:00:00,Biweekly Paycheck,2000,credit,Paycheck,Checking,2019-02
2019-02-01 00:00:00,Roadside Diner,9.47,debit,Restaurants,Silver Card,2019-02
2019-02-01 00:00:00,Amazon,13.09,debit,Shopping,Platinum Card,2019-02
2019-02-04 00:00:00,Hardware Store,86.97,debit,Home Improvement,Silver Card,2019-02
2019-02-04 00:00:00,Netflix,11.76,debit,Television,Platinum Card,2019-02
2019-02-05 00:00:00,Mortgage Payment,1100,debit,Mortgage & Rent,Checking,2019-02
2019-02-07 00:00:00,Gas Company,65,debit,Utilities,Checking,2019-02
2019-02-08 00:00:00,Starbucks,3,debit,Coffee Shops,Platinum Card,2019-02
2019-02-08 00:00:00,Thai Restaurant,27.47,debit,Restaurants,Platinum Card,2019-02
2019-02-09 00:00:00,Spotify,10.69,debit,Music,Platinum Card,2019-02
2019-02-11 00:00:00,Starbucks,3,debit,Coffee Shops,Platinum Card,2019-02
2019-02-11 00:00:00,Credit Card Payment,133.95,debit,Credit Card Payment,Checking,2019-02
2019-02-11 00:00:00,BP,24.01,debit,Gas & Fuel,Platinum Card,2019-02
2019-02-12 00:00:00,Grocery Store,30.54,debit,Groceries,Platinum Card,2019-02
2019-02-12 00:00:00,Phone Company,65,debit,Mobile Phone,Checking,2019-02
2019-02-13 00:00:00,Grocery Store,8.21,debit,Groceries,Platinum Card,2019-02
2019-02-15 00:00:00,Credit Card Payment,207.47,credit,Credit Card Payment,Platinum Card,2019-02
2019-02-15 00:00:00,Credit Card Payment,207.47,debit,Credit Card Payment,Checking,2019-02
2019-02-15 00:00:00,Grocery Store,4.59,debit,Groceries,Platinum Card,2019-02
2019-02-15 00:00:00,Biweekly Paycheck,2000,credit,Paycheck,Checking,2019-02
2019-02-15 00:00:00,Power Company,60,debit,Utilities,Checking,2019-02
2019-02-16 00:00:00,Brewing Company,8,debit,Alcohol & Bars,Platinum Card,2019-02
2019-02-16 00:00:00,American Tavern,32.75,debit,Restaurants,Platinum Card,2019-02
2019-02-16 00:00:00,Amazon,37.45,debit,Shopping,Platinum Card,2019-02
2019-02-19 00:00:00,Credit Card Payment,574.84,debit,Credit Card Payment,Checking,2019-02
2019-02-19 00:00:00,City Water Charges,35,debit,Utilities,Checking,2019-02
2019-02-20 00:00:00,State Farm,75,debit,Auto Insurance,Checking,2019-02
2019-02-20 00:00:00,Credit Card Payment,292.54,credit,Credit Card Payment,Silver Card,2019-02
2019-02-20 00:00:00,Barbershop,30,debit,Haircut,Platinum Card,2019-02
2019-02-21 00:00:00,Credit Card Payment,292.54,debit,Credit Card Payment,Checking,2019-02
2019-02-21 00:00:00,Grocery Store,46.96,debit,Groceries,Silver Card,2019-02
2019-02-25 00:00:00,BP,33.8,debit,Gas & Fuel,Silver Card,2019-02
2019-02-25 00:00:00,Internet Service Provider,75,debit,Internet,Checking,2019-02
2019-02-27 00:00:00,Roadside Diner,25.77,debit,Restaurants,Silver Card,2019-02
2019-02-28 00:00:00,Grocery Store,32.07,debit,Groceries,Silver Card,2019-02
2019-03-01 00:00:00,Biweekly Paycheck,2000,credit,Paycheck,Checking,2019-03
2019-03-01 00:00:00,Amazon,13.09,debit,Shopping,Platinum Card,2019-03
2019-03-04 00:00:00,Grocery Store,92.04,debit,Groceries,Silver Card,2019-03
2019-03-04 00:00:00,Mortgage Payment,1100,debit,Mortgage & Rent,Checking,2019-03
2019-03-04 00:00:00,Netflix,11.76,debit,Television,Platinum Card,2019-03
2019-03-05 00:00:00,Fancy Restaurant,7,debit,Restaurants,Silver Card,2019-03
2019-03-06 00:00:00,Credit Card Payment,491.86,debit,Credit Card Payment,Checking,2019-03
2019-03-08 00:00:00,BP,34.08,debit,Gas & Fuel,Platinum Card,2019-03
2019-03-08 00:00:00,Amazon,27.17,debit,Shopping,Platinum Card,2019-03
2019-03-08 00:00:00,Gas Company,49,debit,Utilities,Checking,2019-03
2019-03-09 00:00:00,Spotify,10.69,debit,Music,Platinum Card,2019-03
2019-03-12 00:00:00,Phone Company,65,debit,Mobile Phone,Checking,2019-03
2019-03-12 00:00:00,Bakery Place,3.02,debit,Restaurants,Platinum Card,2019-03
2019-03-13 00:00:00,Credit Card Payment,532.86,credit,Credit Card Payment,Platinum Card,2019-03
2019-03-13 00:00:00,Credit Card Payment,301.79,credit,Credit Card Payment,Silver Card,2019-03
2019-03-14 00:00:00,Credit Card Payment,305.27,debit,Credit Card Payment,Checking,2019-03
2019-03-14 00:00:00,Credit Card Payment,301.79,debit,Credit Card Payment,Checking,2019-03
2019-03-14 00:00:00,Brunch Restaurant,8,debit,Restaurants,Platinum Card,2019-03
2019-03-15 00:00:00,Biweekly Paycheck,2000,credit,Paycheck,Checking,2019-03
2019-03-15 00:00:00,Power Company,60,debit,Utilities,Checking,2019-03
2019-03-18 00:00:00,Best Buy,320.99,debit,Electronics & Software,Platinum Card,2019-03
2019-03-18 00:00:00,Grocery Store,16.23,debit,Groceries,Platinum Card,2019-03
2019-03-19 00:00:00,Amazon,13.84,debit,Shopping,Platinum Card,2019-03
2019-03-19 00:00:00,City Water Charges,35,debit,Utilities,Checking,2019-03
2019-03-20 00:00:00,State Farm,75,debit,Auto Insurance,Checking,2019-03
2019-03-22 00:00:00,BP,37.51,debit,Gas & Fuel,Platinum Card,2019-03
2019-03-23 00:00:00,Starbucks,5.2,debit,Coffee Shops,Platinum Card,2019-03
2019-03-25 00:00:00,Internet Service Provider,75,debit,Internet,Checking,2019-03
2019-03-26 00:00:00,Amazon,16.04,debit,Shopping,Platinum Card,2019-03
2019-03-27 00:00:00,Brewing Company,49.63,debit,Alcohol & Bars,Platinum Card,2019-03
2019-03-27 00:00:00,Grocery Store,4.46,debit,Groceries,Platinum Card,2019-03
2019-03-29 00:00:00,Biweekly Paycheck,2000,credit,Paycheck,Checking,2019-03
2019-03-30 00:00:00,Starbucks,12.84,debit,Coffee Shops,Platinum Card,2019-03
2019-03-31 00:00:00,Credit Card Payment,957.6,credit,Credit Card Payment,Platinum Card,2019-03
2019-04-01 00:00:00,Credit Card Payment,1552.65,debit,Credit Card Payment,Checking,2019-04
2019-04-01 00:00:00,Credit Card Payment,600.51,credit,Credit Card Payment,Platinum Card,2019-04
2019-04-01 00:00:00,Amazon,13.09,debit,Shopping,Platinum Card,2019-04
2019-04-02 00:00:00,Mortgage Payment,1100,debit,Mortgage & Rent,Checking,2019-04
2019-04-04 00:00:00,Grocery Store,5.64,debit,Groceries,Platinum Card,2019-04
2019-04-04 00:00:00,Amazon,35.9,debit,Shopping,Platinum Card,2019-04
2019-04-04 00:00:00,Netflix,11.76,debit,Television,Platinum Card,2019-04
2019-04-06 00:00:00,Amazon,27.54,debit,Shopping,Platinum Card,2019-04
2019-04-08 00:00:00,Gas Company,30,debit,Utilities,Checking,2019-04
2019-04-09 00:00:00,Credit Card Payment,436.75,debit,Credit Card Payment,Checking,2019-04
2019-04-09 00:00:00,Grocery Store,10.7,debit,Groceries,Platinum Card,2019-04
2019-04-09 00:00:00,Barbershop,30,debit,Haircut,Platinum Card,2019-04
2019-04-09 00:00:00,Spotify,10.69,debit,Music,Platinum Card,2019-04
2019-04-10 00:00:00,Phone Company,65,debit,Mobile Phone,Checking,2019-04
2019-04-12 00:00:00,Best Buy,44.93,debit,Electronics & Software,Silver Card,2019-04
2019-04-12 00:00:00,Grocery Store,41.34,debit,Groceries,Platinum Card,2019-04
2019-04-12 00:00:00,Biweekly Paycheck,2000,credit,Paycheck,Checking,2019-04
2019-04-13 00:00:00,QuikTrip,38.94,debit,Gas & Fuel,Platinum Card,2019-04
2019-04-13 00:00:00,Grocery Store,16.87,debit,Groceries,Platinum Card,2019-04
2019-04-13 00:00:00,Vietnamese Restaurant,20.64,debit,Restaurants,Platinum Card,2019-04
2019-04-15 00:00:00,Power Company,60,debit,Utilities,Checking,2019-04
2019-04-16 00:00:00,City Water Charges,35,debit,Utilities,Checking,2019-04
2019-04-18 00:00:00,State Farm,75,debit,Auto Insurance,Checking,2019-04
2019-04-18 00:00:00,Credit Card Payment,604.32,credit,Credit Card Payment,Silver Card,2019-04
2019-04-18 00:00:00,Credit Card Payment,458.1,credit,Credit Card Payment,Platinum Card,2019-04
2019-04-19 00:00:00,Credit Card Payment,604.32,debit,Credit Card Payment,Checking,2019-04
2019-04-19 00:00:00,Grocery Store,10.89,debit,Groceries,Platinum Card,2019-04
2019-04-22 00:00:00,Brewing Company,14.4,debit,Alcohol & Bars,Silver Card,2019-04
2019-04-22 00:00:00,Greek Restaurant,64.52,debit,Restaurants,Silver Card,2019-04
2019-04-23 00:00:00,Hardware Store,29.56,debit,Home Improvement,Silver Card,2019-04
2019-04-25 00:00:00,Internet Service Provider,75,debit,Internet,Checking,2019-04
2019-04-26 00:00:00,Biweekly Paycheck,2000,credit,Paycheck,Checking,2019-04
2019-04-27 00:00:00,Brewing Company,40,debit,Alcohol & Bars,Platinum Card,2019-04
2019-04-27 00:00:00,Credit Card Payment,268.96,credit,Credit Card Payment,Silver Card,2019-04
2019-04-27 00:00:00,American Tavern,14.74,debit,Restaurants,Silver Card,2019-04
2019-04-29 00:00:00,Credit Card Payment,268.96,debit,Credit Card Payment,Checking,2019-04
2019-04-29 00:00:00,Grocery Store,5.64,debit,Groceries,Platinum Card,2019-04
2019-04-30 00:00:00,BP,39.08,debit,Gas & Fuel,Platinum Card,2019-04
2019-05-01 00:00:00,Amazon,13.09,debit,Shopping,Platinum Card,2019-05
2019-05-02 00:00:00,Mortgage Payment,1100,debit,Mortgage & Rent,Checking,2019-05
2019-05-03 00:00:00,Credit Card Payment,758.07,debit,Credit Card Payment,Checking,2019-05
2019-05-04 00:00:00,Netflix,13.9,debit,Television,Platinum Card,2019-05
2019-05-06 00:00:00,Amazon,16.94,debit,Shopping,Platinum Card,2019-05
2019-05-07 00:00:00,Amazon,38.56,debit,Shopping,Platinum Card,2019-05
2019-05-09 00:00:00,Best Buy,331.69,debit,Electronics & Software,Platinum Card,2019-05
2019-05-09 00:00:00,Spotify,10.69,debit,Music,Platinum Card,2019-05
2019-05-09 00:00:00,Target,3.2,debit,Shopping,Platinum Card,2019-05
2019-05-09 00:00:00,Gas Company,30,debit,Utilities,Checking,2019-05
2019-05-10 00:00:00,Best Buy,21.39,debit,Electronics & Software,Silver Card,2019-05
2019-05-10 00:00:00,Phone Company,65,debit,Mobile Phone,Checking,2019-05
2019-05-10 00:00:00,Biweekly Paycheck,2000,credit,Paycheck,Checking,2019-05
2019-05-13 00:00:00,Credit Card Payment,480.88,debit,Credit Card Payment,Checking,2019-05
2019-05-13 00:00:00,QuikTrip,35.24,debit,Gas & Fuel,Silver Card,2019-05
2019-05-13 00:00:00,Fancy Restaurant,98.19,debit,Restaurants,Silver Card,2019-05
2019-05-13 00:00:00,Greek Restaurant,23.11,debit,Restaurants,Silver Card,2019-05
2019-05-14 00:00:00,Grocery Store,2.02,debit,Groceries,Silver Card,2019-05
2019-05-15 00:00:00,Power Company,60,debit,Utilities,Checking,2019-05
2019-05-17 00:00:00,Credit Card Payment,575.33,credit,Credit Card Payment,Platinum Card,2019-05
2019-05-17 00:00:00,City Water Charges,35,debit,Utilities,Checking,2019-05
2019-05-20 00:00:00,State Farm,75,debit,Auto Insurance,Checking,2019-05
2019-05-20 00:00:00,Credit Card Payment,415.47,debit,Credit Card Payment,Checking,2019-05
2019-05-20 00:00:00,American Tavern,32.53,debit,Restaurants,Silver Card,2019-05
2019-05-24 00:00:00,Credit Card Payment,765.68,credit,Credit Card Payment,Silver Card,2019-05
2019-05-24 00:00:00,Hardware Store,27.96,debit,Home Improvement,Platinum Card,2019-05
2019-05-24 00:00:00,Biweekly Paycheck,2000,credit,Paycheck,Checking,2019-05
2019-05-24 00:00:00,Brunch Restaurant,8,debit,Restaurants,Platinum Card,2019-05
2019-05-25 00:00:00,QuikTrip,36.76,debit,Gas & Fuel,Platinum Card,2019-05
2019-05-25 00:00:00,Hardware Store,30.99,debit,Home Improvement,Platinum Card,2019-05
2019-05-27 00:00:00,Mexican Restaurant,34.33,debit,Restaurants,Platinum Card,2019-05
2019-05-28 00:00:00,Credit Card Payment,765.68,debit,Credit Card Payment,Checking,2019-05
2019-05-30 00:00:00,Internet Service Provider,75,debit,Internet,Checking,2019-05
2019-05-30 00:00:00,American Tavern,34.82,debit,Restaurants,Platinum Card,2019-05
2019-06-01 00:00:00,Amazon,13.09,debit,Shopping,Platinum Card,2019-06
2019-06-03 00:00:00,Starbucks,2.75,debit,Coffee Shops,Platinum Card,2019-06
2019-06-03 00:00:00,Credit Card Payment,260.95,credit,Credit Card Payment,Platinum Card,2019-06
2019-06-03 00:00:00,Mortgage Payment,1100,debit,Mortgage & Rent,Checking,2019-06
2019-06-04 00:00:00,Barbershop,30,debit,Haircut,Platinum Card,2019-06
2019-06-04 00:00:00,Netflix,13.9,debit,Television,Platinum Card,2019-06
2019-06-05 00:00:00,Grocery Store,23,debit,Groceries,Platinum Card,2019-06
2019-06-05 00:00:00,Mexican Restaurant,23.24,debit,Restaurants,Platinum Card,2019-06
2019-06-06 00:00:00,Starbucks,3.75,debit,Coffee Shops,Platinum Card,2019-06
2019-06-06 00:00:00,Grocery Store,5.64,debit,Groceries,Platinum Card,2019-06
2019-06-07 00:00:00,Credit Card Payment,458.56,debit,Credit Card Payment,Checking,2019-06
2019-06-07 00:00:00,Biweekly Paycheck,2000,credit,Paycheck,Checking,2019-06
2019-06-07 00:00:00,Gas Company,30,debit,Utilities,Checking,2019-06
2019-06-09 00:00:00,Spotify,10.69,debit,Music,Platinum Card,2019-06
2019-06-12 00:00:00,Phone Company,65,debit,Mobile Phone,Checking,2019-06
2019-06-13 00:00:00,Credit Card Payment,152.72,credit,Credit Card Payment,Platinum Card,2019-06
2019-06-13 00:00:00,Credit Card Payment,152.72,debit,Credit Card Payment,Checking,2019-06
2019-06-14 00:00:00,Grocery Store,10.69,debit,Groceries,Silver Card,2019-06
2019-06-15 00:00:00,BP,33.16,debit,Gas & Fuel,Silver Card,2019-06
2019-06-17 00:00:00,City Water Charges,35,debit,Utilities,Checking,2019-06
2019-06-17 00:00:00,Power Company,60,debit,Utilities,Checking,2019-06
2019-06-18 00:00:00,Brewing Company,15,debit,Alcohol & Bars,Silver Card,2019-06
2019-06-18 00:00:00,Shell,41.83,debit,Gas & Fuel,Silver Card,2019-06
2019-06-19 00:00:00,State Farm,75,debit,Auto Insurance,Checking,2019-06
2019-06-20 00:00:00,Credit Card Payment,375.26,debit,Credit Card Payment,Checking,2019-06
2019-06-20 00:00:00,Mike's Construction Co.,9200,debit,Home Improvement,Checking,2019-06
2019-06-20 00:00:00,Credit Card Payment,100.68,credit,Credit Card Payment,Silver Card,2019-06
2019-06-21 00:00:00,Credit Card Payment,100.68,debit,Credit Card Payment,Checking,2019-06
2019-06-21 00:00:00,Biweekly Paycheck,2000,credit,Paycheck,Checking,2019-06
2019-06-24 00:00:00,Brewing Company,15,debit,Alcohol & Bars,Silver Card,2019-06
2019-06-28 00:00:00,BP,30.64,debit,Gas & Fuel,Silver Card,2019-06
2019-06-30 00:00:00,Internet Service Provider,75,debit,Internet,Checking,2019-06
2019-07-01 00:00:00,Starbucks,7,debit,Coffee Shops,Silver Card,2019-07
2019-07-01 00:00:00,Grocery Store,99.47,debit,Groceries,Silver Card,2019-07
2019-07-01 00:00:00,Hawaiian Grill,24.97,debit,Restaurants,Silver Card,2019-07
2019-07-01 00:00:00,Thai Restaurant,24,debit,Restaurants,Silver Card,2019-07
2019-07-01 00:00:00,Amazon,13.09,debit,Shopping,Platinum Card,2019-07
2019-07-02 00:00:00,Hardware Store,229.9,debit,Home Improvement,Platinum Card,2019-07
2019-07-02 00:00:00,Mortgage Payment,1100,debit,Mortgage & Rent,Checking,2019-07
2019-07-04 00:00:00,Netflix,13.9,debit,Television,Platinum Card,2019-07
2019-07-05 00:00:00,Brewing Company,19,debit,Alcohol & Bars,Silver Card,2019-07
2019-07-05 00:00:00,Biweekly Paycheck,2250,credit,Paycheck,Checking,2019-07
2019-07-06 00:00:00,Credit Card Payment,220.08,credit,Credit Card Payment,Silver Card,2019-07
2019-07-06 00:00:00,Grocery Store,92.98,debit,Groceries,Platinum Card,2019-07
2019-07-06 00:00:00,Greek Restaurant,23.26,debit,Restaurants,Platinum Card,2019-07
2019-07-07 00:00:00,Hardware Store,103.14,debit,Home Improvement,Platinum Card,2019-07
2019-07-08 00:00:00,Credit Card Payment,305.28,debit,Credit Card Payment,Checking,2019-07
2019-07-08 00:00:00,Credit Card Payment,220.08,debit,Credit Card Payment,Checking,2019-07
2019-07-09 00:00:00,Credit Card Payment,549.72,credit,Credit Card Payment,Platinum Card,2019-07
2019-07-09 00:00:00,Spotify,10.69,debit,Music,Platinum Card,2019-07
2019-07-10 00:00:00,Phone Company,65,debit,Mobile Phone,Checking,2019-07
2019-07-10 00:00:00,Gas Company,30,debit,Utilities,Checking,2019-07
2019-07-15 00:00:00,Grocery Store,87.14,debit,Groceries,Silver Card,2019-07
2019-07-16 00:00:00,Amazon,89.99,debit,Shopping,Platinum Card,2019-07
2019-07-16 00:00:00,Power Company,60,debit,Utilities,Checking,2019-07
2019-07-17 00:00:00,City Water Charges,35,debit,Utilities,Checking,2019-07
2019-07-18 00:00:00,State Farm,75,debit,Auto Insurance,Checking,2019-07
2019-07-18 00:00:00,Credit Card Payment,814.5,debit,Credit Card Payment,Checking,2019-07
2019-07-18 00:00:00,BP,36.42,debit,Gas & Fuel,Silver Card,2019-07
2019-07-18 00:00:00,Grocery Store,29.83,debit,Groceries,Platinum Card,2019-07
2019-07-18 00:00:00,Brunch Restaurant,8.82,debit,Restaurants,Platinum Card,2019-07
2019-07-19 00:00:00,Credit Card Payment,115.52,credit,Credit Card Payment,Platinum Card,2019-07
2019-07-19 00:00:00,Biweekly Paycheck,2250,credit,Paycheck,Checking,2019-07
2019-07-19 00:00:00,Mexican Restaurant,28,debit,Restaurants,Platinum Card,2019-07
2019-07-22 00:00:00,Credit Card Payment,257.08,credit,Credit Card Payment,Silver Card,2019-07
2019-07-22 00:00:00,Thai Restaurant,26.67,debit,Restaurants,Silver Card,2019-07
2019-07-23 00:00:00,Credit Card Payment,257.08,debit,Credit Card Payment,Checking,2019-07
2019-07-24 00:00:00,Starbucks,2.5,debit,Coffee Shops,Silver Card,2019-07
2019-07-27 00:00:00,Barbershop,30,debit,Haircut,Silver Card,2019-07
2019-07-28 00:00:00,Hardware Store,44.31,debit,Home Improvement,Platinum Card,2019-07
2019-07-29 00:00:00,Grocery Store,5.35,debit,Groceries,Platinum Card,2019-07
2019-07-29 00:00:00,Fancy Restaurant,44.92,debit,Restaurants,Silver Card,2019-07
2019-07-30 00:00:00,Grocery Store,15.77,debit,Groceries,Platinum Card,2019-07
2019-07-30 00:00:00,Internet Service Provider,75,debit,Internet,Checking,2019-07
2019-08-01 00:00:00,Amazon,13.09,debit,Shopping,Platinum Card,2019-08
2019-08-02 00:00:00,Mortgage Payment,1100,debit,Mortgage & Rent,Checking,2019-08
2019-08-02 00:00:00,Biweekly Paycheck,2250,credit,Paycheck,Checking,2019-08
2019-08-03 00:00:00,BP,36.36,debit,Gas & Fuel,Platinum Card,2019-08
2019-08-03 00:00:00,Grocery Store,3.96,debit,Groceries,Platinum Card,2019-08
2019-08-03 00:00:00,American Tavern,23.47,debit,Restaurants,Platinum Card,2019-08
2019-08-04 00:00:00,Netflix,13.9,debit,Television,Platinum Card,2019-08
2019-08-05 00:00:00,Brewing Company,18,debit,Alcohol & Bars,Silver Card,2019-08
2019-08-05 00:00:00,Credit Card Payment,349.28,credit,Credit Card Payment,Platinum Card,2019-08
2019-08-05 00:00:00,Credit Card Payment,117.65,credit,Credit Card Payment,Silver Card,2019-08
2019-08-06 00:00:00,Credit Card Payment,521.17,debit,Credit Card Payment,Checking,2019-08
2019-08-06 00:00:00,Credit Card Payment,117.65,debit,Credit Card Payment,Checking,2019-08
2019-08-06 00:00:00,Hardware Store,125,debit,Home Improvement,Checking,2019-08
2019-08-08 00:00:00,Grocery Store,11.72,debit,Groceries,Silver Card,2019-08
2019-08-09 00:00:00,Spotify,10.69,debit,Music,Platinum Card,2019-08
2019-08-09 00:00:00,Gas Company,30,debit,Utilities,Checking,2019-08
2019-08-12 00:00:00,Phone Company,65,debit,Mobile Phone,Checking,2019-08
2019-08-12 00:00:00,Thai Restaurant,26.67,debit,Restaurants,Silver Card,2019-08
2019-08-14 00:00:00,Starbucks,2.75,debit,Coffee Shops,Platinum Card,2019-08
2019-08-15 00:00:00,Credit Card Payment,335.2,debit,Credit Card Payment,Checking,2019-08
2019-08-15 00:00:00,Power Company,60,debit,Utilities,Checking,2019-08
2019-08-16 00:00:00,Biweekly Paycheck,2250,credit,Paycheck,Checking,2019-08
2019-08-16 00:00:00,City Water Charges,35,debit,Utilities,Checking,2019-08
2019-08-17 00:00:00,Credit Card Payment,87.17,credit,Credit Card Payment,Platinum Card,2019-08
2019-08-17 00:00:00,Grocery Store,33.15,debit,Groceries,Platinum Card,2019-08
2019-08-17 00:00:00,Barbershop,19,debit,Haircut,Platinum Card,2019-08
2019-08-17 00:00:00,American Tavern,3.5,debit,Restaurants,Platinum Card,2019-08
2019-08-19 00:00:00,Credit Card Payment,1248.95,debit,Credit Card Payment,Checking,2019-08
2019-08-20 00:00:00,State Farm,75,debit,Auto Insurance,Checking,2019-08
2019-08-20 00:00:00,Starbucks,2.75,debit,Coffee Shops,Platinum Card,2019-08
2019-08-21 00:00:00,Shell,34.69,debit,Gas & Fuel,Platinum Card,2019-08
2019-08-23 00:00:00,Starbucks,2.75,debit,Coffee Shops,Platinum Card,2019-08
2019-08-25 00:00:00,Brunch Restaurant,39.43,debit,Restaurants,Platinum Card,2019-08
2019-08-26 00:00:00,Hardware Store,66.75,debit,Home Improvement,Silver Card,2019-08
2019-08-29 00:00:00,Starbucks,3,debit,Coffee Shops,Platinum Card,2019-08
2019-08-30 00:00:00,Starbucks,2.75,debit,Coffee Shops,Platinum Card,2019-08
2019-08-30 00:00:00,Internet Service Provider,75,debit,Internet,Checking,2019-08
2019-08-30 00:00:00,Biweekly Paycheck,2250,credit,Paycheck,Checking,2019-08
2019-08-31 00:00:00,Hardware Store,68.04,debit,Home Improvement,Platinum Card,2019-08
2019-08-31 00:00:00,BBQ Restaurant,41.78,debit,Restaurants,Silver Card,2019-08
2019-09-01 00:00:00,Amazon,13.09,debit,Shopping,Platinum Card,2019-09
2019-09-03 00:00:00,Mortgage Payment,1100,debit,Mortgage & Rent,Checking,2019-09
2019-09-03 00:00:00,Fancy Restaurant,41.24,debit,Restaurants,Silver Card,2019-09
2019-09-04 00:00:00,Netflix,13.9,debit,Television,Platinum Card,2019-09
2019-09-05 00:00:00,Starbucks,3.75,debit,Coffee Shops,Platinum Card,2019-09
2019-09-06 00:00:00,Credit Card Payment,1390.37,credit,Credit Card Payment,Platinum Card,2019-09
2019-09-06 00:00:00,Credit Card Payment,1390.37,debit,Credit Card Payment,Checking,2019-09
2019-09-06 00:00:00,Credit Card Payment,502.75,debit,Credit Card Payment,Checking,2019-09
2019-09-07 00:00:00,Brewing Company,12.87,debit,Alcohol & Bars,Platinum Card,2019-09
2019-09-08 00:00:00,Brewing Company,19.3,debit,Alcohol & Bars,Platinum Card,2019-09
2019-09-09 00:00:00,Shell,28.77,debit,Gas & Fuel,Platinum Card,2019-09
2019-09-09 00:00:00,Grocery Store,65.09,debit,Groceries,Silver Card,2019-09
2019-09-09 00:00:00,Hardware Store,26.25,debit,Home Improvement,Silver Card,2019-09
2019-09-09 00:00:00,Spotify,10.69,debit,Music,Platinum Card,2019-09
2019-09-09 00:00:00,Gas Company,30,debit,Utilities,Checking,2019-09
2019-09-11 00:00:00,Credit Card Payment,360.56,credit,Credit Card Payment,Silver Card,2019-09
2019-09-11 00:00:00,Phone Company,65,debit,Mobile Phone,Checking,2019-09
2019-09-12 00:00:00,Credit Card Payment,360.56,debit,Credit Card Payment,Checking,2019-09
2019-09-13 00:00:00,Starbucks,2.75,debit,Coffee Shops,Platinum Card,2019-09
2019-09-13 00:00:00,Biweekly Paycheck,2250,credit,Paycheck,Checking,2019-09
2019-09-14 00:00:00,Grocery Store,46.44,debit,Groceries,Platinum Card,2019-09
2019-09-15 00:00:00,Amazon,47.66,debit,Shopping,Platinum Card,2019-09
2019-09-16 00:00:00,Credit Card Payment,90.57,debit,Credit Card Payment,Checking,2019-09
2019-09-16 00:00:00,Credit Card Payment,90.57,credit,Credit Card Payment,Silver Card,2019-09
2019-09-16 00:00:00,City Water Charges,35,debit,Utilities,Checking,2019-09
2019-09-17 00:00:00,Credit Card Payment,186.13,credit,Credit Card Payment,Platinum Card,2019-09
2019-09-17 00:00:00,Power Company,60,debit,Utilities,Checking,2019-09
2019-09-18 00:00:00,State Farm,75,debit,Auto Insurance,Checking,2019-09
2019-09-18 00:00:00,Credit Card Payment,1606.46,debit,Credit Card Payment,Checking,2019-09
2019-09-19 00:00:00,Brewing Company,40.81,debit,Alcohol & Bars,Platinum Card,2019-09
2019-09-19 00:00:00,Starbucks,2.75,debit,Coffee Shops,Platinum Card,2019-09
2019-09-20 00:00:00,Credit Card Payment,9.43,credit,Credit Card Payment,Silver Card,2019-09
2019-09-22 00:00:00,Seafood Restaurant,131.1,debit,Restaurants,Platinum Card,2019-09
2019-09-23 00:00:00,Credit Card Payment,9.43,debit,Credit Card Payment,Checking,2019-09
2019-09-23 00:00:00,Grocery Store,27.71,debit,Groceries,Platinum Card,2019-09
2019-09-23 00:00:00,Amazon,24.63,debit,Shopping,Platinum Card,2019-09
2019-09-27 00:00:00,Biweekly Paycheck,2250,credit,Paycheck,Checking,2019-09
2019-09-28 00:00:00,BP,33.46,debit,Gas & Fuel,Platinum Card,2019-09
2019-09-28 00:00:00,Sheetz,4.27,debit,Gas & Fuel,Platinum Card,2019-09
2019-09-30 00:00:00,Starbucks,1.75,debit,Coffee Shops,Platinum Card,2019-09
2019-09-30 00:00:00,Internet Service Provider,75,debit,Internet,Checking,2019-09
